swaps,temp_seconds,xor_seconds,ratio
100000000,0.055967,0.0340424,0.608259
